rank,label,reel_id,url
1,Tom Cruise,DKAP1_DS4fA,https://www.instagram.com/reel/DKAP1_DS4fA/
2,Shaq,DDfTYTnTreC,https://www.instagram.com/reel/DDfTYTnTreC/
3,Tom Brady,DM8O-IMghW8,https://www.instagram.com/reel/DM8O-IMghW8/
4,Logan Paul,DXXHpDdAtac,https://www.instagram.com/reel/DXXHpDdAtac/
5,Jesse Itzler,DXKR-pEjq5u,https://www.instagram.com/reel/DXKR-pEjq5u/
6,Business Woman,DXPZa-9Atg4,https://www.instagram.com/reel/DXPZa-9Atg4/
7,Falcons GM,DW6zHPpjmf1,https://www.instagram.com/reel/DW6zHPpjmf1/
8,Rich Brit,DWzHyeGghLh,https://www.instagram.com/reel/DWzHyeGghLh/
9,Random,DWhCkRlAnE-,https://www.instagram.com/reel/DWhCkRlAnE-/
10,Tim Tebow,DV6a5HdjaOb,https://www.instagram.com/reel/DV6a5HdjaOb/
11,Random,DWUKyI1DWxI,https://www.instagram.com/reel/DWUKyI1DWxI/
12,Random,DWMY0tQjTiX,https://www.instagram.com/reel/DWMY0tQjTiX/
13,Random,DWEtSMWjVdX,https://www.instagram.com/reel/DWEtSMWjVdX/
14,Random,DWZUsZnDX8x,https://www.instagram.com/reel/DWZUsZnDX8x/
15,Random,DWoz2ldAgy5,https://www.instagram.com/reel/DWoz2ldAgy5/
16,Billionaire,DVjWuz7jkef,https://www.instagram.com/reel/DVjWuz7jkef/
17,Random,DVeMkDYjjmu,https://www.instagram.com/reel/DVeMkDYjjmu/
18,Random,DVZCNPRjtTX,https://www.instagram.com/reel/DVZCNPRjtTX/
19,Random,DVRTpN0CcKm,https://www.instagram.com/reel/DVRTpN0CcKm/
20,Random,DU_T-DijmUx,https://www.instagram.com/reel/DU_T-DijmUx/
21,Wolf of Wall Street,DU1Fkj6CU_3,https://www.instagram.com/reel/DU1Fkj6CU_3/
22,Random,DUlk2rBibIL,https://www.instagram.com/reel/DUlk2rBibIL/
23,Myles Garrett,DUgeXV9Erh1,https://www.instagram.com/reel/DUgeXV9Erh1/
24,Random,DUtSCiDDtAh,https://www.instagram.com/reel/DUtSCiDDtAh/
25,Random,DUOatvyDjw_,https://www.instagram.com/reel/DUOatvyDjw_/
26,Random,DTlLfPMjpzW,https://www.instagram.com/reel/DTlLfPMjpzW/
27,Jameis Winston,DTa-BIwiT3L,https://www.instagram.com/reel/DTa-BIwiT3L/
28,Tony Robbins,DTLh16nifN_,https://www.instagram.com/reel/DTLh16nifN_/
29,Random,DS0Qr7CDk7w,https://www.instagram.com/reel/DS0Qr7CDk7w/
30,Billionaire,DS5izL_ievb,https://www.instagram.com/reel/DS5izL_ievb/
31,Random,DSkzgLKjpL1,https://www.instagram.com/reel/DSkzgLKjpL1/
32,Random,DSQPgV1iSFc,https://www.instagram.com/reel/DSQPgV1iSFc/
33,Ryan,DSAwz0uCS2-,https://www.instagram.com/reel/DSAwz0uCS2-/
34,Random,DRAYTnAEehn,https://www.instagram.com/reel/DRAYTnAEehn/
35,Random,DQe0pgzDf3b,https://www.instagram.com/reel/DQe0pgzDf3b/
36,Random,DP4U6llDrpX,https://www.instagram.com/reel/DP4U6llDrpX/
37,Random,DPJ2z8-Dapr,https://www.instagram.com/reel/DPJ2z8-Dapr/
38,Random,DPUKCKMiXFt,https://www.instagram.com/reel/DPUKCKMiXFt/
39,Random,DPEy6HFjjHh,https://www.instagram.com/reel/DPEy6HFjjHh/
40,Random,DOq9bN8jclj,https://www.instagram.com/reel/DOq9bN8jclj/
41,Random,DO89ykHiafq,https://www.instagram.com/reel/DO89ykHiafq/
42,Random,DOL8WKpEdWz,https://www.instagram.com/reel/DOL8WKpEdWz/
43,Random,DOZD6tLjv5c,https://www.instagram.com/reel/DOZD6tLjv5c/
